Team,,Rec,,&Delta;,Rat,,Pwr,,Off,,Def,,HFA,SoS,,SSF,,EW,EL
Arizona,Big 12,"21-0",1.000,,1,9.27,2,54.78,2,106.48,22,25.76,2.83,12,41.30,10,43.65,7.11,2.89
Duke,Atlantic Coast,"19-1",0.950,,2,9.13,1,56.26,12,103.08,2,30.64,2.60,14,40.93,28,41.83,9.30,1.70
Michigan,Big 10,"20-1",0.952,+3,3,9.02,5,53.24,6,104.18,19,26.53,2.80,4,42.50,3,44.43,6.54,3.46
Gonzaga,West Coast,"21-1",0.955,+1,4,8.94,4,53.87,3,105.06,20,26.27,2.76,55,38.24,76,38.10,7.99,1.01
Connecticut,Big East,"20-1",0.952,+2,5,8.90,14,51.13,49,98.60,4,29.99,2.64,22,40.40,38,41.45,7.30,2.70
Houston,Big 12,"18-2",0.900,-3,6,8.89,3,54.74,48,98.76,1,33.45,2.88,30,39.72,29,41.79,8.53,2.47
Iowa St,Big 12,"19-2",0.905,+2,7,8.79,9,52.51,23,101.58,7,28.39,2.81,36,39.31,27,42.10,6.69,3.31
Nebraska,Big 10,"20-1",0.952,,8,8.74,23,48.19,43,99.07,18,26.58,2.79,26,40.04,33,41.65,6.06,3.94
Illinois,Big 10,"18-3",0.857,+2,9,8.73,10,52.16,8,103.99,24,25.63,2.81,11,41.58,12,43.22,6.80,3.20
Purdue,Big 10,"17-4",0.810,-6,10,8.68,7,52.81,17,102.03,10,28.24,2.84,5,42.49,7,43.86,6.98,3.02
Michigan St,Big 10,"19-3",0.864,-1,11,8.67,13,51.39,47,98.76,3,30.09,2.83,21,40.47,15,42.58,5.67,3.33
Texas Tech,Big 12,"16-4",0.800,+4,12,8.59,15,50.48,15,102.30,23,25.65,2.86,3,42.55,8,43.85,7.02,3.98
Alabama,Southeastern,"14-6",0.700,,13,8.53,8,52.71,1,110.39,124,19.78,2.93,1,44.43,1,45.63,8.65,4.35
BYU,Big 12,"17-3",0.850,-2,14,8.53,17,49.43,11,103.20,41,23.69,2.83,31,39.71,14,42.77,6.09,4.91
Florida,Southeastern,"15-6",0.714,-1,15,8.51,6,53.04,4,104.70,21,25.80,2.82,6,42.39,5,44.03,7.60,3.40
Vanderbilt,Southeastern,"18-3",0.857,-1,16,8.50,24,47.96,14,102.77,63,22.65,2.71,23,40.33,16,42.57,5.33,4.67
Tennessee,Southeastern,"14-6",0.700,+1,17,8.48,11,52.06,33,99.68,5,29.84,2.97,7,42.29,11,43.29,8.65,3.35
Kansas,Big 12,"15-5",0.750,-1,18,8.47,16,50.43,30,100.07,12,27.82,2.95,8,42.20,4,44.13,6.51,4.49
Auburn,Southeastern,"14-7",0.667,+4,19,8.45,12,51.92,5,104.25,29,25.13,2.86,2,43.61,2,45.00,6.32,3.68
Arkansas,Southeastern,"16-5",0.762,+2,20,8.42,20,48.62,7,104.00,74,22.08,2.90,9,41.74,9,43.74,6.62,5.38
St John's,Big East,"16-5",0.762,,21,8.38,18,49.40,19,101.88,30,24.98,2.67,20,40.58,36,41.48,6.90,3.10
North Carolina,Atlantic Coast,"16-4",0.800,+6,22,8.32,21,48.49,21,101.72,36,24.24,2.81,59,37.82,53,40.38,6.87,4.13
Texas A&M,Southeastern,"16-4",0.800,+3,23,8.31,22,48.35,13,102.91,56,22.91,2.77,64,37.55,26,42.14,6.51,6.49
Clemson,Atlantic Coast,"17-4",0.810,-5,24,8.29,27,47.30,79,96.45,9,28.31,2.80,63,37.61,67,39.42,6.40,3.60
Kentucky,Southeastern,"14-7",0.667,-1,25,8.29,19,49.25,16,102.26,35,24.45,3.00,10,41.61,6,43.93,5.24,4.76
Virginia,Atlantic Coast,"17-3",0.850,-6,26,8.28,38,45.47,67,97.31,25,25.62,2.86,68,37.36,73,38.86,6.96,4.04
Iowa,Big 10,"15-5",0.750,,27,8.26,25,47.78,34,99.66,26,25.58,2.95,41,39.06,31,41.75,6.06,4.94
Villanova,Big East,"16-5",0.762,+2,28,8.21,34,46.14,86,96.16,14,27.44,2.92,38,39.19,55,40.34,6.13,3.87
UCLA,Big 10,"15-6",0.714,+9,29,8.21,28,47.09,85,96.22,8,28.34,2.89,32,39.62,39,41.44,5.65,4.35
Wisconsin,Big 10,"15-6",0.714,-1,30,8.20,26,47.75,22,101.71,44,23.50,2.77,33,39.49,23,42.26,5.05,4.95
Georgia,Southeastern,"16-5",0.762,-6,31,8.19,35,46.14,9,103.42,110,20.18,2.86,52,38.33,34,41.53,5.10,5.90
Louisville,Atlantic Coast,"14-6",0.700,-1,32,8.18,31,46.98,24,101.21,49,23.24,2.77,24,40.18,40,41.36,6.71,4.29
St Mary's CA,West Coast,"19-3",0.864,-1,33,8.17,33,46.51,98,94.98,6,28.99,2.84,102,33.14,93,34.88,6.50,2.50
St Louis,Atlantic 10,"21-1",0.955,+7,34,8.16,64,42.16,42,99.29,108,20.33,2.95,133,30.79,121,31.97,6.52,2.48
Ohio St,Big 10,"14-6",0.700,-1,35,8.14,29,47.05,25,101.08,47,23.43,2.87,35,39.32,24,42.24,5.46,5.54
UCF,Big 12,"16-4",0.800,-1,36,8.12,54,43.09,28,100.72,121,19.84,2.86,53,38.29,48,40.76,4.23,5.77
Utah St,Mountain West,"17-3",0.850,-4,37,8.10,40,45.24,35,99.66,53,23.04,2.87,92,33.89,85,36.14,7.35,3.65
SMU,Atlantic Coast,"15-5",0.750,+1,38,8.10,43,44.30,27,100.88,96,20.89,2.78,44,38.81,61,39.86,6.41,4.59
NC State,Atlantic Coast,"15-6",0.714,+9,39,8.09,37,45.84,31,99.87,46,23.43,2.69,45,38.80,47,40.80,5.36,4.64
Indiana,Big 10,"14-7",0.667,+6,40,8.06,36,45.93,52,98.42,31,24.98,2.93,37,39.25,30,41.75,4.75,5.25
USC,Big 10,"15-6",0.714,-4,41,8.04,47,43.72,36,99.46,81,21.72,2.82,34,39.36,42,41.06,4.72,5.28
Texas,Southeastern,"12-9",0.571,+1,42,8.04,30,47.03,20,101.82,62,22.67,2.87,19,40.61,17,42.54,5.83,5.17
New Mexico,Mountain West,"17-4",0.810,+4,43,8.03,45,44.11,55,98.29,48,23.28,2.77,88,34.59,87,35.92,6.65,3.35
Miami FL,Atlantic Coast,"17-4",0.810,-4,44,8.01,56,42.87,45,98.79,84,21.54,2.75,83,35.04,77,37.42,5.24,4.76
San Diego St,Mountain West,"15-5",0.750,-1,45,8.00,44,44.12,71,97.04,34,24.54,2.87,76,36.47,78,37.41,6.46,3.54
Missouri,Southeastern,"14-7",0.667,-4,46,7.95,46,43.76,44,98.89,69,22.33,2.84,57,38.20,45,40.92,4.13,5.87
Baylor,Big 12,"11-9",0.550,-11,47,7.95,32,46.71,26,101.06,51,23.11,2.99,27,39.93,22,42.27,5.65,5.35
Creighton,Big East,"12-9",0.571,-3,48,7.94,39,45.24,46,98.77,40,23.93,2.92,18,40.64,37,41.48,5.65,4.35
TCU,Big 12,"13-8",0.619,+5,49,7.94,42,44.32,77,96.59,28,25.19,2.83,42,39.01,50,40.60,5.18,4.82
Santa Clara,West Coast,"18-5",0.783,+3,50,7.92,55,42.88,37,99.44,95,20.90,2.72,86,34.72,88,35.86,5.70,3.30
West Virginia,Big 12,"14-7",0.667,+4,51,7.92,52,43.26,142,92.57,11,28.16,2.96,61,37.63,60,39.92,4.55,5.45
Seton Hall,Big East,"15-6",0.714,-3,52,7.90,70,41.40,175,91.41,13,27.45,2.88,69,37.36,68,39.41,4.29,5.71
Virginia Tech,Atlantic Coast,"16-6",0.727,+3,53,7.86,71,41.39,64,97.65,90,21.20,3.01,75,36.48,71,39.05,3.42,5.58
Oklahoma St,Big 12,"14-6",0.700,-4,54,7.85,69,41.45,29,100.16,150,18.75,2.92,71,37.27,52,40.44,3.85,7.15
Butler,Big East,"13-8",0.619,+7,55,7.81,66,41.75,39,99.32,120,19.89,2.80,48,38.68,62,39.83,4.85,5.15
Miami OH,"Mid-American","21-0",1.000,+8,56,7.81,118,35.33,56,98.28,264,14.51,2.75,306,25.44,271,26.89,6.75,3.25
Oklahoma,Southeastern,"11-10",0.524,-6,57,7.81,41,44.35,32,99.86,77,21.95,2.90,39,39.18,20,42.40,4.08,6.92
LSU,Southeastern,"13-8",0.619,-6,58,7.80,53,43.12,54,98.31,70,22.27,2.95,65,37.50,46,40.80,3.61,6.39
Mississippi,Southeastern,"11-9",0.550,-2,59,7.80,48,43.55,87,96.15,32,24.87,2.80,46,38.79,25,42.23,3.82,7.18
Mississippi St,Southeastern,"11-10",0.524,,60,7.79,51,43.41,58,98.10,61,22.77,2.83,25,40.11,13,42.90,3.82,7.18
Nevada,Mountain West,"16-6",0.727,+7,61,7.78,76,40.87,97,95.16,50,23.17,2.86,82,35.37,86,35.96,5.39,3.61
VCU,Atlantic 10,"16-6",0.727,+9,62,7.77,61,42.29,59,98.09,82,21.67,2.71,96,33.42,103,33.84,6.53,2.47
George Mason,Atlantic 10,"19-2",0.905,-5,63,7.77,94,38.00,193,90.89,33,24.57,2.87,185,29.10,136,31.47,5.65,4.35
Cincinnati,Big 12,"11-10",0.524,+1,64,7.75,49,43.44,124,93.67,15,27.23,2.85,49,38.57,43,41.02,4.23,5.77
Washington,Big 10,"11-10",0.524,+5,65,7.75,68,41.56,70,97.14,79,21.89,2.82,16,40.87,32,41.69,4.39,5.61
Belmont,Missouri Val,"19-3",0.864,+6,66,7.73,93,38.16,72,97.03,156,18.60,2.75,135,30.75,130,31.76,5.65,3.35
Stanford,Atlantic Coast,"14-7",0.667,-8,67,7.71,78,40.27,96,95.19,64,22.54,2.89,77,36.36,75,38.12,4.51,5.49
Arizona St,Big 12,"11-10",0.524,+1,68,7.70,77,40.64,50,98.57,131,19.53,2.86,17,40.76,18,42.50,3.26,6.74
Wake Forest,Atlantic Coast,"11-10",0.524,-8,69,7.70,63,42.18,68,97.27,67,22.38,2.90,40,39.11,63,39.77,5.34,4.66
California,Atlantic Coast,"15-6",0.714,+5,70,7.70,88,39.17,103,94.84,80,21.79,2.88,85,34.76,82,36.74,4.46,5.54
Boise St,Mountain West,"13-9",0.591,+6,71,7.69,59,42.44,73,97.00,57,22.90,2.89,73,36.54,79,37.06,5.64,3.36
Xavier,Big East,"11-10",0.524,-9,72,7.69,60,42.44,40,99.32,105,20.58,2.92,47,38.71,58,40.20,4.74,5.26
Northwestern,Big 10,"10-11",0.476,+11,73,7.68,50,43.41,76,96.64,37,24.24,2.83,43,38.98,35,41.53,3.94,6.06
Colorado,Big 12,"12-9",0.571,-8,74,7.67,67,41.68,51,98.42,100,20.72,2.94,66,37.49,54,40.35,3.60,6.40
Grand Canyon,Mountain West,"14-7",0.667,+11,75,7.66,87,39.50,125,93.50,45,23.46,2.78,81,35.37,92,35.19,6.38,3.62
Liberty,Conference USA,"18-3",0.857,+11,76,7.63,106,36.66,147,92.46,83,21.66,2.77,179,29.23,168,29.61,7.00,3.00
Tulsa,American Athletic,"18-3",0.857,+12,77,7.62,116,35.83,80,96.44,193,16.85,2.93,137,30.61,132,31.60,6.31,4.69
Maryland,Big 10,"8-12",0.400,-2,78,7.62,62,42.24,74,96.77,55,22.94,2.86,13,40.98,19,42.44,4.48,6.52
Akron,"Mid-American","18-4",0.818,+15,79,7.61,89,38.93,41,99.30,185,17.09,2.79,178,29.24,183,29.20,7.06,1.94
Kansas St,Big 12,"10-11",0.476,,80,7.60,65,41.80,63,97.84,86,21.42,2.78,50,38.51,41,41.33,3.33,6.67
Oregon,Big 10,"8-13",0.381,-7,81,7.60,57,42.68,78,96.51,42,23.63,2.91,15,40.91,21,42.36,4.15,5.85
Yale,Ivy League,"16-3",0.842,+9,82,7.60,92,38.20,90,95.87,123,19.80,2.82,197,28.74,216,28.32,7.24,1.76
Syracuse,Atlantic Coast,"12-9",0.571,-10,83,7.57,79,39.90,89,95.87,85,21.49,2.91,78,36.31,70,39.14,3.45,6.55
Notre Dame,Atlantic Coast,"11-10",0.524,-2,84,7.56,84,39.55,116,94.00,54,23.01,2.82,58,37.88,69,39.41,4.05,5.95
Memphis,American Athletic,"10-10",0.500,-7,85,7.56,72,41.30,84,96.28,65,22.48,2.81,62,37.61,80,36.97,7.40,3.60
Minnesota,Big 10,"10-11",0.476,-3,86,7.54,81,39.86,159,92.02,27,25.30,2.90,51,38.45,51,40.50,3.44,6.56
Colorado St,Mountain West,"12-9",0.571,-2,87,7.53,74,40.92,112,94.28,38,24.10,2.87,89,34.56,95,34.61,6.86,3.14
South Florida,American Athletic,"14-7",0.667,+14,88,7.53,96,37.79,38,99.41,223,15.84,2.71,91,34.31,96,34.41,5.97,4.03
South Carolina,Southeastern,"11-10",0.524,+1,89,7.52,82,39.76,109,94.32,58,22.90,2.91,74,36.49,59,39.96,2.69,7.31
Providence,Big East,"9-13",0.409,-9,90,7.52,73,41.02,10,103.33,244,15.15,2.87,29,39.82,57,40.25,4.41,4.59
McNeese St,Southland,"17-4",0.810,+9,91,7.51,101,37.17,121,93.75,97,20.88,2.71,199,28.67,228,28.04,8.01,1.99
Marquette,Big East,"8-14",0.364,+9,92,7.51,58,42.51,60,98.00,76,21.97,2.90,28,39.84,44,40.93,4.18,4.82
Dayton,Atlantic 10,"14-8",0.636,-26,93,7.49,90,38.91,118,93.93,66,22.44,2.81,99,33.24,97,34.34,5.07,3.93
San Francisco,West Coast,"13-10",0.565,-2,94,7.48,85,39.55,100,94.92,73,22.09,2.76,84,34.91,90,35.37,4.75,3.25
Utah,Big 12,"9-11",0.450,,95,7.47,80,39.88,53,98.38,146,18.96,3.12,56,38.24,49,40.69,3.67,7.33
Georgetown,Big East,"11-10",0.524,+7,96,7.47,100,37.38,117,93.94,94,20.90,2.75,70,37.33,65,39.59,2.81,7.19
FL Atlantic,American Athletic,"14-8",0.636,-9,97,7.45,95,37.90,69,97.25,164,18.11,2.91,97,33.40,106,33.06,6.09,2.91
Murray St,Missouri Val,"16-6",0.727,-19,98,7.45,113,36.26,61,97.92,225,15.80,2.88,119,31.68,112,32.65,4.86,4.14
DePaul,Big East,"12-9",0.571,,99,7.44,102,37.10,154,92.21,68,22.36,2.86,79,35.63,74,38.36,2.75,7.25
Pittsburgh,Atlantic Coast,"9-12",0.429,-3,100,7.44,75,40.88,113,94.27,39,24.08,2.80,72,37.19,64,39.67,3.77,6.23
Florida St,Atlantic Coast,"9-12",0.429,+12,101,7.41,86,39.55,65,97.58,134,19.43,3.00,60,37.73,72,38.93,4.39,5.61
Penn St,Big 10,"9-12",0.429,-6,102,7.41,83,39.70,66,97.49,126,19.67,2.91,67,37.44,66,39.55,3.67,6.33
Illinois St,Missouri Val,"15-7",0.682,+2,103,7.40,112,36.32,143,92.55,88,21.24,2.87,118,31.86,116,32.44,5.23,3.77
Rutgers,Big 10,"9-12",0.429,-6,104,7.40,91,38.49,95,95.24,101,20.72,2.99,54,38.29,56,40.27,3.14,6.86
Utah Valley,Western Athletic,"16-6",0.727,-12,105,7.39,105,36.85,111,94.29,113,20.02,2.87,167,29.56,181,29.22,6.83,2.17
Wichita St,American Athletic,"13-8",0.619,+3,106,7.39,97,37.72,108,94.32,98,20.86,2.80,108,32.63,108,32.94,6.33,3.67
UNC Wilmington,Coastal,"19-3",0.864,-3,107,7.37,125,34.37,153,92.23,128,19.60,2.74,320,25.11,289,26.08,6.97,3.03
SF Austin,Southland,"18-3",0.857,+12,108,7.35,141,32.95,207,90.18,109,20.23,2.82,285,26.31,286,26.34,7.02,2.98
High Point,Big South,"19-4",0.826,+9,109,7.32,115,36.07,57,98.24,237,15.29,2.82,335,24.30,320,24.46,6.54,1.46
UAB,American Athletic,"13-8",0.619,-3,110,7.30,99,37.39,62,97.91,189,16.94,2.81,127,31.04,118,32.21,5.88,4.12
Bradley,Missouri Val,"14-8",0.636,-5,111,7.29,109,36.52,115,94.03,117,19.95,3.00,130,30.93,119,32.15,4.94,4.06
UC Irvine,Big West,"15-7",0.682,+18,112,7.28,108,36.52,165,91.90,75,22.08,2.81,188,29.08,205,28.58,7.71,2.29
Georgia Tech,Atlantic Coast,"11-10",0.524,-2,113,7.28,103,37.03,105,94.36,111,20.13,2.81,93,33.81,81,36.82,3.07,6.93
Sam Houston St,Conference USA,"14-7",0.667,+13,114,7.28,124,34.56,101,94.89,183,17.13,2.86,128,31.03,145,30.82,6.35,3.65
Cal Baptist,Western Athletic,"15-6",0.714,+8,115,7.27,138,33.12,233,89.23,87,21.36,2.84,140,30.50,155,30.12,6.25,3.75
Northern Iowa,Missouri Val,"13-9",0.591,-2,116,7.27,107,36.57,284,87.22,17,26.81,2.85,117,31.90,111,32.69,5.06,3.94
N Dakota St,Summit Lg,"18-5",0.783,+7,117,7.27,140,33.01,135,93.04,178,17.44,2.73,242,27.64,243,27.48,5.48,2.52
Seattle,West Coast,"14-9",0.609,-6,118,7.26,119,35.10,226,89.49,52,23.08,2.95,113,32.08,109,32.77,5.28,4.72
G Washington,Atlantic 10,"13-8",0.619,+2,119,7.26,111,36.32,75,96.67,184,17.12,2.81,126,31.07,120,32.07,5.72,4.28
UNLV,Mountain West,"10-11",0.476,-1,120,7.26,114,36.11,120,93.90,127,19.67,2.82,80,35.50,84,36.27,4.41,5.59
Davidson,Atlantic 10,"12-8",0.600,-6,121,7.25,123,34.58,209,90.12,78,21.93,2.73,109,32.58,107,32.97,5.27,4.73
Troy,Sun Belt,"15-7",0.682,-5,122,7.25,122,34.58,114,94.06,170,17.98,2.79,162,29.76,186,29.06,6.45,2.55
Kent,"Mid-American","16-6",0.727,-7,123,7.24,133,33.75,93,95.33,221,15.89,2.75,193,28.90,195,28.84,5.92,3.08
North Texas,American Athletic,"12-9",0.571,-16,124,7.23,110,36.33,294,86.77,16,27.02,2.75,129,30.93,139,31.41,6.22,3.78
Hawaii,Big West,"15-5",0.750,,125,7.22,129,34.03,200,90.54,93,20.95,2.83,261,26.97,258,27.05,9.98,4.02
UC San Diego,Big West,"15-7",0.682,-16,126,7.22,117,35.56,157,92.03,92,20.99,2.63,204,28.58,192,28.95,7.45,3.55
Wyoming,Mountain West,"12-9",0.571,-5,127,7.19,121,34.90,144,92.53,122,19.84,2.94,111,32.35,99,34.22,3.94,6.06
Drake,Missouri Val,"12-10",0.545,+12,128,7.19,98,37.64,149,92.28,60,22.82,2.76,141,30.48,134,31.53,5.57,3.43
St Joseph's PA,Atlantic 10,"13-8",0.619,+12,129,7.18,128,34.07,161,92.00,130,19.53,2.80,144,30.39,141,31.27,5.31,4.69
Rhode Island,Atlantic 10,"13-8",0.619,+25,130,7.18,135,33.57,187,91.12,118,19.91,2.89,123,31.22,123,31.90,5.09,4.91
Washington St,West Coast,"10-13",0.435,+1,131,7.17,104,37.03,91,95.76,151,18.73,2.93,87,34.61,91,35.19,4.09,3.91
UT Arlington,Western Athletic,"14-6",0.700,+1,132,7.17,154,32.19,241,88.98,102,20.67,2.83,173,29.36,156,30.05,5.25,4.75
St Bonaventure,Atlantic 10,"13-8",0.619,+5,133,7.16,127,34.15,169,91.63,116,19.98,2.89,148,30.27,127,31.80,4.75,5.25
Oakland,Horizon,"13-10",0.565,-5,134,7.15,139,33.11,88,95.88,259,14.69,2.74,98,33.32,137,31.47,5.79,2.21
Temple,American Athletic,"13-8",0.619,+2,135,7.11,132,33.81,146,92.50,149,18.78,2.88,169,29.51,144,31.05,5.47,5.53
St Thomas MN,Summit Lg,"17-6",0.739,,136,7.10,166,31.81,139,92.70,205,16.57,2.82,277,26.61,279,26.56,5.35,2.65
Col Charleston,Coastal,"14-8",0.636,+20,137,7.10,146,32.52,133,93.18,194,16.81,2.76,166,29.64,169,29.60,5.95,4.05
Boston College,Atlantic Coast,"9-11",0.450,+8,138,7.08,120,34.91,203,90.26,72,22.11,2.78,104,33.10,83,36.51,2.86,8.14
Pacific,West Coast,"15-8",0.652,+10,139,7.08,177,31.00,230,89.30,139,19.16,2.83,157,30.01,114,32.45,1.96,6.04
MTSU,Conference USA,"11-9",0.550,-12,140,7.08,150,32.32,186,91.18,154,18.61,2.95,116,31.94,138,31.42,6.16,4.84
Arkansas St,Sun Belt,"13-9",0.591,-10,141,7.08,137,33.20,81,96.41,274,14.26,2.82,142,30.41,194,28.85,6.79,2.21
South Alabama,Sun Belt,"15-6",0.714,+2,142,7.07,171,31.34,245,88.80,115,20.00,2.82,265,26.89,270,26.91,5.73,3.27
Richmond,Atlantic 10,"13-9",0.591,-8,143,7.05,136,33.51,167,91.73,137,19.25,2.84,174,29.35,143,31.14,3.92,5.08
Oregon St,West Coast,"11-12",0.478,+10,144,7.05,130,33.89,172,91.45,119,19.90,2.93,105,33.03,100,34.03,3.77,5.23
S Illinois,Missouri Val,"9-12",0.429,+5,145,7.03,126,34.22,151,92.25,133,19.43,2.89,95,33.52,105,33.62,4.58,4.42
Hofstra,Coastal,"13-9",0.591,-20,146,7.03,142,32.94,217,89.88,106,20.51,2.71,175,29.32,190,29.01,5.84,3.16
UC Santa Barbara,Big West,"14-7",0.667,+26,147,7.03,159,31.97,181,91.31,163,18.12,2.80,246,27.51,204,28.60,5.36,4.64
Wright St,Horizon,"14-8",0.636,-1,148,7.02,148,32.44,132,93.23,201,16.67,2.74,216,28.16,229,27.99,5.87,3.13
Tulane,American Athletic,"12-9",0.571,-15,149,7.02,149,32.40,150,92.28,176,17.58,2.90,146,30.32,113,32.49,3.99,7.01
Loy Marymount,West Coast,"11-12",0.478,-11,150,7.02,131,33.85,195,90.81,107,20.50,2.89,114,32.00,117,32.41,4.08,3.92
Portland St,Big Sky,"13-6",0.684,+2,151,7.02,184,30.36,244,88.91,147,18.91,2.74,238,27.74,222,28.17,5.45,4.55
Charlotte,American Athletic,"13-9",0.591,+20,152,7.02,174,31.16,212,90.03,157,18.59,2.86,145,30.33,126,31.84,3.25,5.75
William & Mary,Coastal,"14-7",0.667,+10,153,7.01,194,29.58,126,93.49,294,13.56,2.84,186,29.09,201,28.67,5.06,3.94
Winthrop,Big South,"15-8",0.652,+10,154,7.01,157,32.06,92,95.34,277,14.18,2.79,244,27.57,253,27.18,5.49,2.51
Furman,Southern,"15-7",0.682,-4,155,7.00,163,31.85,183,91.27,167,18.05,2.84,292,26.11,282,26.47,5.74,3.26
Kennesaw,Conference USA,"13-8",0.619,-11,156,6.99,158,32.01,82,96.40,308,13.07,2.81,212,28.26,178,29.28,5.20,4.80
Lipscomb,Atlantic Sun,"14-8",0.636,-9,157,6.99,153,32.19,134,93.13,206,16.53,2.77,235,27.78,249,27.31,6.21,2.79
Marshall,Sun Belt,"14-8",0.636,-6,158,6.99,164,31.83,129,93.35,215,15.95,2.89,236,27.76,219,28.18,5.27,3.73
Duquesne,Atlantic 10,"11-10",0.524,-1,159,6.99,134,33.63,106,94.34,197,16.75,2.73,160,29.87,131,31.67,4.45,5.55
Wofford,Southern,"15-7",0.682,+21,160,6.99,187,30.09,158,92.03,230,15.53,2.74,240,27.67,257,27.08,5.71,3.29
Mercer,Southern,"14-8",0.636,-2,161,6.99,181,30.65,127,93.46,260,14.65,2.82,202,28.60,220,28.18,5.48,3.52
Montana St,Big Sky,"13-9",0.591,+4,162,6.99,169,31.55,199,90.54,158,18.47,2.77,182,29.16,189,29.04,5.31,3.69
IL Chicago,Missouri Val,"12-10",0.545,+29,163,6.98,168,31.68,189,90.97,162,18.17,2.78,149,30.18,133,31.57,3.53,5.47
WKU,Conference USA,"11-10",0.524,-22,164,6.97,147,32.51,131,93.26,200,16.71,2.83,143,30.40,149,30.52,5.58,4.42
ETSU,Southern,"15-7",0.682,-5,165,6.97,156,32.09,225,89.54,114,20.01,2.81,304,25.55,281,26.53,5.45,3.55
Austin Peay,Atlantic Sun,"14-6",0.700,+9,166,6.97,197,29.24,216,89.90,195,16.80,2.88,255,27.15,280,26.55,5.67,3.33
Toledo,"Mid-American","11-10",0.524,-6,167,6.97,143,32.89,83,96.37,280,13.98,2.86,147,30.31,161,29.90,6.20,3.80
Fresno St,Mountain West,"9-11",0.450,-12,168,6.96,151,32.32,213,90.02,125,19.76,2.93,106,32.93,98,34.26,4.02,6.98
Montana,Big Sky,"12-9",0.571,+30,169,6.96,165,31.82,170,91.50,173,17.79,2.84,180,29.19,197,28.83,5.62,3.38
Louisiana Tech,Conference USA,"12-8",0.600,+10,170,6.95,155,32.13,315,85.99,43,23.60,2.83,260,26.99,198,28.76,5.60,5.40
Valparaiso,Missouri Val,"10-11",0.476,,171,6.92,175,31.15,229,89.37,138,19.25,2.81,115,31.98,110,32.76,3.93,6.07
Missouri St,Conference USA,"12-9",0.571,+11,172,6.92,161,31.88,204,90.26,140,19.09,2.91,211,28.26,179,29.24,5.22,4.78
Bowling Green,"Mid-American","13-8",0.619,-11,173,6.91,173,31.29,137,92.81,216,15.94,2.76,273,26.69,241,27.54,5.64,4.36
Massachusetts,"Mid-American","13-9",0.591,+12,174,6.91,162,31.86,128,93.40,217,15.93,2.84,241,27.65,225,28.11,5.28,3.72
Cornell,Ivy League,"10-9",0.526,+37,175,6.91,144,32.64,18,101.92,360,8.18,2.79,171,29.45,173,29.48,4.79,3.21
Towson,Coastal,"12-11",0.522,-8,176,6.89,172,31.32,302,86.59,71,22.20,2.82,161,29.76,176,29.37,5.92,4.08
UC Davis,Big West,"12-9",0.571,-12,177,6.88,190,29.76,188,91.00,213,16.22,2.80,181,29.18,171,29.51,4.87,5.13
Appalachian St,Sun Belt,"14-9",0.609,+19,178,6.88,176,31.01,320,85.59,59,22.88,2.75,278,26.58,250,27.30,4.45,3.55
PFW,Horizon,"13-9",0.591,-2,179,6.87,193,29.64,145,92.51,263,14.60,2.83,219,28.14,218,28.18,4.34,3.66
Jacksonville St,Conference USA,"11-9",0.550,+23,180,6.86,167,31.76,262,88.01,89,21.22,2.75,257,27.12,193,28.91,5.37,5.63
Indiana St,Missouri Val,"9-13",0.409,-14,181,6.86,145,32.58,102,94.88,243,15.16,2.91,122,31.32,128,31.80,4.39,4.61
Columbia,Ivy League,"14-6",0.700,+14,182,6.85,230,27.77,174,91.42,286,13.81,2.75,287,26.23,255,27.18,3.54,4.46
New Mexico St,Conference USA,"10-10",0.500,-40,183,6.85,152,32.26,219,89.69,112,20.03,2.89,203,28.60,160,29.92,4.90,5.10
N Colorado,Big Sky,"12-10",0.545,-15,184,6.84,170,31.46,94,95.33,293,13.60,2.66,231,27.81,231,27.87,5.51,3.49
N Kentucky,Horizon,"14-9",0.609,-15,185,6.83,183,30.39,148,92.40,233,15.45,2.85,286,26.28,269,26.92,5.05,3.95
Robert Morris,Horizon,"14-9",0.609,+4,186,6.83,196,29.45,198,90.55,207,16.36,2.77,263,26.92,239,27.58,3.98,4.02
James Madison,Sun Belt,"11-11",0.500,+22,187,6.83,180,30.70,182,91.30,192,16.86,2.83,170,29.47,209,28.52,5.83,3.17
TAM C. Christi,Southland,"11-10",0.524,-12,188,6.83,178,30.73,275,87.58,103,20.62,2.78,215,28.21,235,27.68,6.34,3.66
Elon,Coastal,"13-9",0.591,-11,189,6.82,215,28.23,138,92.73,312,12.96,2.80,217,28.16,207,28.55,4.12,4.88
Ohio,"Mid-American","11-11",0.500,-11,190,6.82,182,30.39,136,93.01,251,14.85,2.95,172,29.43,172,29.50,4.71,4.29
Buffalo,"Mid-American","14-7",0.667,+2,191,6.81,239,27.26,168,91.70,310,13.02,2.75,284,26.35,240,27.56,4.10,5.90
Merrimack,Metro Atlantic,"13-9",0.591,+9,192,6.81,238,27.28,344,83.99,99,20.75,2.65,190,29.00,238,27.62,5.43,3.57
Tarleton St,Western Athletic,"11-10",0.524,-19,193,6.81,186,30.14,190,90.94,202,16.67,2.92,201,28.63,188,29.05,5.08,4.92
Vermont,America East,"14-8",0.636,+6,194,6.81,204,28.64,272,87.67,159,18.44,2.81,300,25.87,333,24.00,7.08,1.92
TN Martin,OH Valley,"16-5",0.762,-8,195,6.80,258,26.20,311,86.13,177,17.54,2.82,347,23.40,346,23.22,5.50,3.50
CS Northridge,Big West,"12-10",0.545,+2,196,6.79,206,28.60,119,93.91,329,12.16,2.77,194,28.82,185,29.09,4.63,5.37
Idaho,Big Sky,"12-9",0.571,-9,197,6.79,217,28.22,206,90.19,232,15.49,2.76,226,27.91,213,28.41,4.59,5.41
S Dakota St,Summit Lg,"10-12",0.455,-13,198,6.79,160,31.93,155,92.16,182,17.23,2.91,189,29.03,227,28.06,6.28,2.72
Quinnipiac,Metro Atlantic,"14-9",0.609,-17,199,6.79,209,28.54,185,91.24,256,14.76,2.75,259,27.00,293,25.80,5.58,2.42
Marist,Metro Atlantic,"14-7",0.667,-16,200,6.77,223,28.01,332,84.88,104,20.59,2.73,328,24.85,321,24.43,5.23,2.77
Siena,Metro Atlantic,"15-7",0.682,+19,201,6.76,242,27.10,303,86.57,168,17.99,2.78,316,25.21,302,25.37,4.89,4.11
Iona,Metro Atlantic,"14-9",0.609,-13,202,6.76,219,28.18,239,88.98,203,16.66,2.86,268,26.79,290,26.00,5.17,2.83
Harvard,Ivy League,"11-9",0.550,+11,203,6.75,205,28.64,304,86.53,129,19.57,2.71,224,28.03,184,29.14,3.18,4.82
Utah Tech,Western Athletic,"12-11",0.522,+19,204,6.74,222,28.06,218,89.79,229,15.74,2.90,200,28.65,170,29.53,3.39,5.61
Coastal Car,Sun Belt,"13-10",0.565,+17,205,6.74,260,26.12,301,86.61,188,16.97,2.92,196,28.77,208,28.52,3.96,5.04
Navy,Patriot League,"16-6",0.727,+24,206,6.74,241,27.16,321,85.54,141,19.08,2.70,354,22.40,349,22.63,5.66,3.34
Queens NC,Atlantic Sun,"12-10",0.545,-16,207,6.73,225,27.99,99,94.94,349,10.52,2.78,195,28.79,232,27.83,5.22,3.78
Penn,Ivy League,"9-10",0.474,-14,208,6.73,203,28.71,176,91.38,253,14.80,2.88,159,30.00,163,29.84,3.83,4.17
Colgate,Patriot League,"13-9",0.591,-1,209,6.73,208,28.54,201,90.51,231,15.50,2.82,283,26.38,305,25.26,6.23,2.77
Portland,West Coast,"10-13",0.435,-5,210,6.72,226,27.95,166,91.86,295,13.55,2.85,121,31.33,115,32.44,2.28,5.72
Weber St,Big Sky,"10-11",0.476,-9,211,6.71,189,29.86,163,92.00,235,15.33,2.88,213,28.26,211,28.44,5.34,4.66
San Diego,West Coast,"10-13",0.435,+23,212,6.71,224,28.00,164,91.99,299,13.48,2.87,131,30.91,125,31.84,2.43,5.57
Ga Southern,Sun Belt,"14-9",0.609,-7,213,6.70,252,26.78,130,93.26,343,10.98,2.87,288,26.19,248,27.32,2.99,5.01
Tennessee St,OH Valley,"14-7",0.667,+7,214,6.70,263,26.03,160,92.02,337,11.48,2.82,326,24.93,331,24.06,6.21,3.79
Samford,Southern,"10-12",0.455,+2,215,6.70,188,30.08,122,93.68,282,13.86,2.85,208,28.51,237,27.63,5.77,3.23
La Salle,Atlantic 10,"7-14",0.333,+16,216,6.70,202,28.80,285,87.21,142,19.05,2.89,101,33.18,101,33.98,2.88,7.12
St Peter's,Metro Atlantic,"12-7",0.632,+10,217,6.69,251,26.84,333,84.80,132,19.51,2.75,310,25.37,300,25.43,4.87,4.13
Abilene Chr,Western Athletic,"10-10",0.500,-8,218,6.69,214,28.33,277,87.52,161,18.27,2.92,223,28.03,175,29.38,4.27,6.73
San Jose St,Mountain West,"6-15",0.286,-8,219,6.68,195,29.47,232,89.25,175,17.68,2.82,90,34.55,89,35.68,2.43,7.57
Lamar,Southland,"11-10",0.524,-13,220,6.68,210,28.50,290,86.97,144,19.00,2.75,256,27.14,242,27.51,5.07,4.93
UTRGV,Southland,"10-11",0.476,+30,221,6.68,216,28.22,252,88.38,181,17.31,2.83,192,28.91,212,28.43,5.27,4.73
LIU Brooklyn,Northeast,"13-8",0.619,-4,222,6.68,288,24.59,289,86.98,248,15.07,2.88,232,27.81,313,24.86,6.87,3.13
Idaho St,Big Sky,"10-11",0.476,-10,223,6.68,212,28.46,238,88.99,190,16.93,2.78,210,28.40,200,28.68,4.73,5.27
Monmouth NJ,Coastal,"11-11",0.500,+14,224,6.67,213,28.36,250,88.50,180,17.32,2.86,225,27.99,203,28.63,4.44,5.56
Stony Brook,Coastal,"13-9",0.591,+21,225,6.67,273,25.62,297,86.74,211,16.34,2.88,274,26.66,245,27.41,3.44,5.56
Florida Intl,Conference USA,"10-11",0.476,-1,226,6.67,221,28.09,140,92.62,313,12.93,2.88,209,28.47,166,29.79,3.56,6.44
Rice,American Athletic,"9-13",0.409,-8,227,6.67,201,28.85,224,89.59,198,16.72,2.82,152,30.10,142,31.16,3.08,5.92
Drexel,Coastal,"11-11",0.500,+8,228,6.66,191,29.72,314,85.99,91,21.19,2.88,282,26.39,263,26.96,5.50,4.50
WI Milwaukee,Horizon,"9-14",0.391,-3,229,6.66,207,28.60,178,91.32,257,14.74,2.85,124,31.11,159,29.94,4.53,3.47
Campbell,Coastal,"9-13",0.409,-35,230,6.65,218,28.21,173,91.45,276,14.22,2.74,134,30.75,153,30.25,4.24,4.76
CS Fullerton,Big West,"10-12",0.455,+16,231,6.64,254,26.70,162,92.00,328,12.17,2.81,163,29.74,165,29.80,3.98,6.02
WI Green Bay,Horizon,"12-11",0.522,-1,232,6.63,285,24.65,265,87.81,273,14.30,2.79,198,28.69,196,28.83,2.83,5.17
Texas St,Sun Belt,"12-11",0.522,-4,233,6.63,231,27.71,258,88.13,186,17.05,2.79,289,26.18,284,26.36,4.19,3.81
E Michigan,"Mid-American","9-12",0.429,-18,234,6.62,244,27.03,279,87.48,187,17.01,2.86,150,30.15,147,30.60,3.57,6.43
Youngstown St,Horizon,"11-12",0.478,-1,235,6.61,199,28.90,215,90.00,208,16.36,2.71,291,26.13,268,26.93,4.50,4.50
Princeton,Ivy League,"7-14",0.333,-3,236,6.60,192,29.71,264,87.93,136,19.25,2.79,138,30.58,152,30.29,4.07,3.93
American Univ,Patriot League,"13-9",0.591,+3,237,6.60,266,25.90,292,86.79,204,16.57,2.84,308,25.39,325,24.36,5.70,3.30
Nicholls St,Southland,"8-13",0.381,-34,238,6.60,211,28.47,197,90.57,234,15.37,2.80,151,30.14,167,29.66,4.95,5.05
New Orleans,Southland,"8-13",0.381,+19,239,6.60,283,24.87,179,91.31,342,11.02,2.88,94,33.57,129,31.76,3.93,6.07
Fordham,Atlantic 10,"11-10",0.524,+8,240,6.59,200,28.86,273,87.64,153,18.69,2.75,336,24.18,233,27.82,2.96,7.04
North Dakota,Summit Lg,"13-12",0.520,+29,241,6.58,257,26.36,191,90.93,315,12.89,2.83,269,26.77,260,27.02,3.16,3.84
Southern Miss,Sun Belt,"11-12",0.478,-27,242,6.58,256,26.61,256,88.17,218,15.90,2.99,233,27.79,199,28.71,2.75,5.25
NE Omaha,Summit Lg,"11-12",0.478,+9,243,6.57,243,27.03,210,90.07,267,14.43,2.78,262,26.92,246,27.39,3.55,4.45
"Loyola-Chicago",Atlantic 10,"5-18",0.217,-16,244,6.57,179,30.73,223,89.59,155,18.60,2.86,103,33.12,104,33.65,2.88,5.12
Chattanooga,Southern,"9-13",0.409,-21,245,6.56,185,30.34,171,91.47,212,16.33,2.70,275,26.65,285,26.34,5.78,3.22
UNC Asheville,Big South,"10-12",0.455,+14,246,6.56,228,27.88,237,88.99,210,16.35,2.85,270,26.75,276,26.66,4.40,3.60
Georgia St,Sun Belt,"9-13",0.409,+10,247,6.56,250,26.84,249,88.56,227,15.74,2.95,191,28.99,202,28.67,4.20,4.80
Cent Arkansas,Atlantic Sun,"11-10",0.524,+17,248,6.55,278,25.30,242,88.94,285,13.82,2.96,253,27.22,272,26.80,4.35,4.65
UTEP,Conference USA,"7-14",0.333,-7,249,6.55,198,28.93,270,87.68,152,18.71,2.85,165,29.65,146,30.64,3.75,6.25
Radford,Big South,"12-11",0.522,+3,250,6.55,233,27.56,177,91.34,292,13.68,2.70,330,24.74,304,25.27,4.19,3.81
UC Riverside,Big West,"8-14",0.364,-1,251,6.54,236,27.35,243,88.91,219,15.90,2.87,158,30.00,154,30.19,4.39,6.61
Dartmouth,Ivy League,"9-10",0.474,-8,252,6.54,255,26.69,214,90.00,278,14.15,2.88,251,27.31,224,28.16,3.11,4.89
Old Dominion,Sun Belt,"7-15",0.318,+10,253,6.54,235,27.42,240,88.98,220,15.90,2.92,120,31.48,151,30.47,3.88,4.12
FGCU,Atlantic Sun,"9-13",0.409,-11,254,6.53,229,27.78,208,90.17,247,15.07,2.85,222,28.05,266,26.94,5.55,3.45
SIUE,OH Valley,"14-9",0.609,,255,6.52,259,26.14,336,84.62,145,18.98,2.76,355,22.12,350,22.35,5.45,3.55
SE Missouri St,OH Valley,"12-10",0.545,+18,256,6.51,261,26.06,253,88.26,240,15.26,2.78,332,24.57,323,24.40,5.10,3.90
Denver,Summit Lg,"10-13",0.435,-12,257,6.51,268,25.86,123,93.67,352,9.65,2.83,205,28.56,210,28.48,3.38,4.62
Long Beach St,Big West,"8-14",0.364,-19,258,6.50,249,26.87,235,89.05,238,15.29,2.79,176,29.32,158,29.95,3.97,7.03
Fairfield,Metro Atlantic,"14-9",0.609,+12,259,6.49,292,24.37,281,87.43,268,14.40,2.70,346,23.44,332,24.06,3.61,4.39
Evansville,Missouri Val,"5-16",0.238,-6,260,6.48,245,27.02,306,86.40,166,18.09,3.02,100,33.22,102,33.86,2.26,6.74
Morehead St,OH Valley,"12-10",0.545,+12,261,6.48,282,25.00,283,87.34,245,15.12,2.83,331,24.71,327,24.31,4.99,4.01
South Dakota,Summit Lg,"12-11",0.522,+7,262,6.47,281,25.22,110,94.32,359,8.36,3.02,313,25.28,292,25.89,3.37,4.63
Cal Poly,Big West,"8-14",0.364,-7,263,6.47,272,25.68,107,94.34,356,8.80,2.77,153,30.09,148,30.58,3.51,7.49
Presbyterian,Big South,"11-12",0.478,,264,6.47,280,25.26,316,85.94,196,16.79,2.78,295,26.07,283,26.36,3.49,4.51
Cleveland St,Horizon,"8-14",0.364,+27,265,6.46,237,27.33,180,91.31,298,13.48,2.83,228,27.87,221,28.18,4.01,4.99
Longwood,Big South,"12-11",0.522,+10,266,6.46,253,26.74,228,89.40,252,14.80,2.85,348,23.35,329,24.23,4.01,3.99
East Carolina,American Athletic,"6-15",0.286,+15,267,6.45,227,27.92,247,88.67,199,16.72,2.85,139,30.56,135,31.52,3.61,7.39
E Washington,Big Sky,"5-16",0.238,-7,268,6.45,220,28.18,152,92.23,302,13.41,2.85,112,32.31,140,31.35,4.61,5.39
W Carolina,Southern,"8-12",0.400,+22,269,6.45,284,24.79,205,90.24,330,12.01,2.89,187,29.09,215,28.33,3.94,5.06
Hampton,Coastal,"10-12",0.455,+13,270,6.44,275,25.56,330,85.05,171,17.98,2.86,296,26.06,261,27.00,3.41,5.59
Detroit,Horizon,"9-12",0.429,-3,271,6.44,291,24.48,222,89.59,323,12.35,2.97,229,27.86,214,28.34,2.71,5.29
Incarnate Word,Southland,"9-12",0.429,-35,272,6.44,265,25.99,246,88.69,255,14.77,2.79,281,26.48,251,27.22,4.13,5.87
Jacksonville,Atlantic Sun,"9-13",0.409,+11,273,6.44,271,25.71,323,85.35,172,17.83,2.93,248,27.43,277,26.65,4.79,4.21
Lindenwood,OH Valley,"13-9",0.591,+7,274,6.43,304,23.52,260,88.07,314,12.92,2.79,349,23.34,342,23.61,4.28,4.72
Northeastern,Coastal,"6-14",0.300,-26,275,6.43,240,27.26,184,91.25,300,13.47,2.86,156,30.05,162,29.87,3.85,5.15
Central Conn,Northeast,"11-9",0.550,-35,276,6.42,290,24.53,291,86.81,242,15.18,2.70,345,23.55,355,21.80,6.42,2.58
Pepperdine,West Coast,"6-17",0.261,-11,277,6.41,232,27.57,231,89.29,228,15.74,2.90,132,30.79,124,31.89,2.18,5.82
Southern Utah,Western Athletic,"7-15",0.318,+9,278,6.41,269,25.83,194,90.85,320,12.44,2.91,168,29.55,157,30.05,2.93,6.07
SE Louisiana,Southland,"6-15",0.286,+6,279,6.40,248,26.89,325,85.33,143,19.02,2.78,155,30.06,177,29.30,4.73,5.27
Southern Univ,Southwestern AC,"8-12",0.400,-18,280,6.40,267,25.88,221,89.64,290,13.70,2.95,258,27.03,326,24.31,8.28,3.72
E Kentucky,Atlantic Sun,"7-15",0.318,-22,281,6.39,234,27.52,141,92.59,322,12.39,2.93,221,28.08,244,27.46,4.95,4.05
Ark Little Rock,OH Valley,"9-12",0.429,-15,282,6.39,293,24.36,298,86.73,246,15.10,2.86,271,26.74,303,25.36,5.17,3.83
Delaware,Conference USA,"6-14",0.300,+14,283,6.39,247,26.91,278,87.51,191,16.87,2.71,183,29.12,150,30.50,3.31,7.69
Northern Arizona,Big Sky,"8-14",0.364,+11,284,6.39,270,25.82,259,88.10,241,15.19,2.83,247,27.47,226,28.08,3.39,5.61
UNC Greensboro,Southern,"8-14",0.364,-6,285,6.38,264,26.01,220,89.68,287,13.79,2.80,249,27.38,247,27.34,4.12,4.88
W Michigan,"Mid-American","8-13",0.381,-11,286,6.38,277,25.31,227,89.44,305,13.33,2.79,237,27.74,191,28.99,3.01,6.99
CS Sacramento,Big Sky,"7-13",0.350,+1,287,6.38,287,24.59,234,89.06,311,13.00,2.88,184,29.12,180,29.23,3.45,6.55
UMBC,America East,"12-8",0.600,+16,288,6.37,305,23.48,248,88.64,325,12.31,2.73,356,21.99,353,21.95,4.97,4.03
Northwestern LA,Southland,"6-14",0.300,-9,289,6.36,276,25.43,274,87.61,236,15.29,2.79,164,29.66,187,29.05,4.23,5.77
"Bethune-Cookman",Southwestern AC,"9-11",0.450,+17,290,6.36,310,22.94,276,87.55,316,12.86,2.87,230,27.82,297,25.68,5.87,5.13
East Texas A&M,Southland,"8-13",0.381,+7,291,6.35,308,23.16,317,85.85,254,14.78,2.83,206,28.52,223,28.16,3.70,6.30
Charleston So,Big South,"11-12",0.478,-20,292,6.35,295,24.14,192,90.92,348,10.68,2.78,333,24.44,314,24.82,4.03,4.97
Ball St,"Mid-American","7-13",0.350,+13,293,6.35,262,26.05,319,85.78,174,17.74,2.90,266,26.89,234,27.81,4.30,6.70
Brown,Ivy League,"7-12",0.368,-17,294,6.34,246,27.02,310,86.18,160,18.31,2.76,307,25.41,264,26.96,3.11,4.89
Mt St Mary's,Metro Atlantic,"9-14",0.391,-2,295,6.34,294,24.23,324,85.34,209,16.36,2.74,252,27.24,288,26.16,4.30,3.70
CS Bakersfield,Big West,"8-14",0.364,-18,296,6.34,298,23.97,269,87.70,288,13.73,2.95,227,27.91,206,28.56,3.15,6.85
Sacred Heart,Metro Atlantic,"10-13",0.435,+20,297,6.32,299,23.90,202,90.40,344,10.96,2.76,303,25.62,301,25.40,3.77,4.23
Grambling,Southwestern AC,"8-10",0.444,-4,298,6.32,309,23.10,338,84.46,214,16.10,2.66,301,25.75,339,23.84,6.81,5.19
C Michigan,"Mid-American","6-15",0.286,-3,299,6.32,274,25.60,257,88.14,250,14.92,2.86,177,29.26,174,29.41,3.70,6.30
Bellarmine,Atlantic Sun,"8-13",0.381,+2,300,6.31,297,24.02,196,90.77,347,10.71,2.83,250,27.34,256,27.10,3.76,5.24
N Illinois,"Mid-American","7-13",0.350,+2,301,6.31,302,23.76,286,87.18,279,14.04,2.78,220,28.10,182,29.20,2.69,7.31
SC Upstate,Big South,"10-13",0.435,-12,302,6.31,300,23.82,280,87.45,284,13.83,2.80,317,25.19,295,25.74,3.10,4.90
Louisiana,Sun Belt,"6-16",0.273,-3,303,6.30,286,24.64,349,82.75,135,19.35,2.87,154,30.08,164,29.81,2.91,5.09
NC A&T,Coastal,"9-11",0.450,+8,304,6.30,311,22.79,263,87.98,326,12.28,2.82,314,25.23,265,26.95,2.27,6.73
Howard,"Mid-Eastern AC","12-9",0.571,-19,305,6.30,313,22.71,287,87.15,309,13.03,2.82,361,21.56,362,20.76,6.16,3.84
North Alabama,Atlantic Sun,"6-13",0.316,-17,306,6.29,279,25.29,255,88.24,265,14.51,2.89,239,27.67,262,26.98,4.44,4.56
Norfolk St,"Mid-Eastern AC","10-13",0.435,-8,307,6.25,289,24.55,271,87.67,272,14.34,2.80,351,23.12,357,21.74,5.72,2.28
Le Moyne,Northeast,"11-11",0.500,+10,308,6.25,334,20.65,267,87.71,350,10.41,2.81,329,24.79,347,23.08,5.00,4.00
Houston Chr,Southland,"8-13",0.381,+6,309,6.23,316,22.07,327,85.19,270,14.35,2.82,276,26.63,236,27.66,2.63,7.37
Stetson,Atlantic Sun,"8-14",0.364,+12,310,6.21,322,21.64,282,87.43,336,11.67,2.89,254,27.17,275,26.73,3.34,5.66
E Illinois,OH Valley,"9-13",0.409,,311,6.20,321,21.88,356,81.92,179,17.43,2.76,319,25.11,315,24.80,3.86,5.14
West Georgia,Atlantic Sun,"10-11",0.476,-2,312,6.19,345,19.44,296,86.75,351,10.16,2.75,323,25.06,298,25.58,2.47,6.53
Jackson St,Southwestern AC,"6-14",0.300,+6,313,6.19,335,20.60,295,86.77,339,11.29,2.83,125,31.10,287,26.20,6.22,4.78
Boston Univ,Patriot League,"8-14",0.364,,314,6.18,312,22.78,307,86.35,281,13.89,2.73,305,25.52,317,24.66,4.55,4.45
Mercyhurst,Northeast,"12-11",0.522,+15,315,6.18,328,20.99,361,80.47,169,17.99,2.98,357,21.85,356,21.80,4.29,4.71
UT San Antonio,American Athletic,"4-17",0.190,-3,316,6.16,296,24.09,261,88.03,296,13.52,2.95,136,30.66,122,31.95,1.68,7.32
Alabama A&M,Southwestern AC,"11-9",0.550,+12,317,6.16,342,19.65,346,83.81,306,13.30,2.98,360,21.65,361,21.23,5.16,5.84
Florida A&M,Southwestern AC,"8-10",0.444,-2,318,6.16,338,20.29,343,84.05,289,13.70,2.84,321,25.09,335,23.95,4.09,4.91
Lehigh,Patriot League,"9-13",0.409,+7,319,6.15,320,21.95,313,86.04,304,13.37,2.69,338,24.11,330,24.20,3.77,5.23
MA Lowell,America East,"8-14",0.364,-15,320,6.15,306,23.46,236,89.04,332,11.89,2.89,334,24.38,344,23.42,5.20,3.80
Manhattan,Metro Atlantic,"9-14",0.391,+2,321,6.15,324,21.42,211,90.04,355,8.84,2.75,322,25.07,307,25.06,3.05,4.95
New Hampshire,America East,"8-12",0.400,+22,322,6.13,330,20.93,331,85.00,303,13.39,2.91,325,25.02,328,24.26,4.03,4.97
Bucknell,Patriot League,"6-16",0.273,-15,323,6.12,314,22.48,326,85.31,262,14.63,2.80,218,28.15,273,26.77,4.54,5.46
Bryant,America East,"6-15",0.286,-23,324,6.12,301,23.80,322,85.51,226,15.75,2.96,294,26.08,319,24.53,5.33,3.67
Oral Roberts,Summit Lg,"5-18",0.217,-16,325,6.12,303,23.69,266,87.72,301,13.43,2.88,207,28.51,217,28.20,3.10,4.90
NJIT,America East,"10-12",0.455,+9,326,6.11,357,17.68,347,82.95,327,12.19,2.75,309,25.37,316,24.78,2.91,6.09
Air Force,Mountain West,"3-17",0.150,-3,327,6.10,307,23.24,351,82.61,165,18.09,2.88,110,32.58,94,34.68,1.21,9.79
Holy Cross,Patriot League,"8-14",0.364,-7,328,6.09,344,19.49,354,82.46,266,14.49,2.76,299,25.89,312,24.90,3.59,5.41
Alabama St,Southwestern AC,"6-14",0.300,-9,329,6.08,323,21.53,299,86.66,324,12.34,2.70,245,27.56,306,25.16,5.25,4.75
Army,Patriot League,"9-13",0.409,+6,330,6.08,341,19.93,308,86.32,341,11.07,2.76,343,23.60,343,23.51,3.53,5.47
SUNY Albany,America East,"7-15",0.318,-6,331,6.06,325,21.39,312,86.09,317,12.77,2.77,318,25.17,324,24.36,4.22,4.78
Canisius,Metro Atlantic,"8-14",0.364,-4,332,6.05,347,19.29,355,82.05,258,14.70,2.92,311,25.35,299,25.49,2.62,6.38
TX Southern,Southwestern AC,"6-13",0.316,+7,333,6.05,319,21.95,268,87.71,334,11.71,2.77,312,25.34,334,23.96,4.32,3.68
Lafayette,Patriot League,"6-16",0.273,,334,6.03,318,21.95,328,85.18,275,14.24,2.69,290,26.15,308,25.05,4.77,5.23
MD E Shore,"Mid-Eastern AC","8-13",0.381,-3,335,6.03,355,18.22,360,80.76,249,14.93,2.80,298,25.96,341,23.65,4.38,4.62
Ark Pine Bluff,Southwestern AC,"7-13",0.350,+3,336,6.00,356,17.83,251,88.41,363,6.89,2.83,272,26.73,336,23.95,4.94,6.06
NC Central,"Mid-Eastern AC","7-12",0.368,,337,5.99,340,20.12,293,86.79,346,10.79,2.90,342,23.81,352,22.04,4.99,4.01
Tennessee Tech,OH Valley,"7-14",0.333,-7,338,5.99,331,20.89,318,85.79,319,12.56,2.87,344,23.57,337,23.90,4.22,6.78
Loyola MD,Patriot League,"8-14",0.364,+7,339,5.98,333,20.71,305,86.48,335,11.70,2.76,352,22.65,348,22.95,3.64,5.36
North Florida,Atlantic Sun,"5-17",0.227,+5,340,5.98,315,22.37,104,94.84,365,4.99,2.99,267,26.83,274,26.76,3.26,5.74
IUPUI,Horizon,"6-18",0.250,+8,341,5.95,337,20.30,156,92.09,364,5.67,2.79,280,26.51,259,27.04,1.40,4.60
Stonehill,Northeast,"8-14",0.364,+5,342,5.94,350,18.78,359,80.97,239,15.27,2.79,350,23.15,351,22.34,4.02,4.98
Missouri KC,Summit Lg,"4-18",0.182,-10,343,5.94,317,22.06,329,85.14,269,14.38,2.90,243,27.64,230,27.96,2.34,5.66
Alcorn St,Southwestern AC,"3-16",0.158,-6,344,5.94,346,19.39,339,84.23,318,12.62,2.85,107,32.72,278,26.56,5.98,5.02
Maine,America East,"5-17",0.227,+3,345,5.93,326,21.10,363,79.67,148,18.90,2.79,297,25.97,310,25.02,3.99,5.01
Prairie View,Southwestern AC,"9-13",0.409,-19,346,5.93,343,19.57,254,88.25,357,8.78,2.81,363,20.86,363,20.53,4.88,5.12
Citadel,Southern,"7-15",0.318,+8,347,5.92,348,19.10,341,84.17,321,12.39,2.85,337,24.15,291,25.89,1.60,7.40
St Francis PA,Northeast,"6-14",0.300,+5,348,5.91,349,18.97,335,84.71,333,11.73,2.91,315,25.21,338,23.86,4.24,5.76
F Dickinson,Northeast,"7-15",0.318,+2,349,5.91,332,20.80,334,84.77,297,13.50,2.75,353,22.59,358,21.74,4.83,4.17
Wagner,Northeast,"6-13",0.316,-9,350,5.87,329,20.95,352,82.57,224,15.84,2.79,358,21.82,359,21.39,5.11,4.89
Niagara,Metro Atlantic,"5-16",0.238,-9,351,5.87,339,20.22,357,81.81,222,15.87,2.83,324,25.05,311,24.99,3.15,5.85
Southern Indiana,OH Valley,"5-16",0.238,-2,352,5.84,336,20.52,342,84.12,283,13.86,2.81,340,23.97,322,24.41,3.08,5.92
VMI,Southern,"6-16",0.273,-10,353,5.82,353,18.38,337,84.49,338,11.35,2.92,341,23.82,296,25.69,1.41,7.59
Morgan St,"Mid-Eastern AC","8-13",0.381,+6,354,5.82,360,16.83,288,87.11,362,7.19,2.94,362,21.48,365,20.25,3.92,4.08
New Haven,Northeast,"9-12",0.429,-1,355,5.81,363,14.56,364,77.67,271,14.35,2.78,359,21.70,354,21.82,2.43,6.57
S Carolina St,"Mid-Eastern AC","5-16",0.238,+1,356,5.74,358,17.58,340,84.21,345,10.84,2.86,327,24.86,345,23.35,3.47,4.53
Rider,Metro Atlantic,"2-18",0.100,-5,357,5.73,327,21.03,345,83.86,261,14.64,2.76,234,27.78,267,26.94,3.33,5.67
W Illinois,OH Valley,"4-18",0.182,-2,358,5.68,351,18.74,353,82.50,291,13.70,2.85,339,24.00,340,23.84,3.14,5.86
ULM,Sun Belt,"3-19",0.136,-1,359,5.63,352,18.64,300,86.63,354,9.47,2.97,302,25.71,254,27.18,1.67,8.33
Gardner Webb,Big South,"3-20",0.130,+1,360,5.63,354,18.34,309,86.18,353,9.62,2.86,279,26.56,252,27.20,1.77,7.23
Chicago St,Northeast,"2-19",0.095,-2,361,5.55,359,17.43,348,82.95,331,11.94,2.89,214,28.22,294,25.78,3.80,6.20
Delaware St,"Mid-Eastern AC","5-15",0.250,,362,5.52,362,15.49,362,79.67,307,13.28,2.82,364,20.80,364,20.33,3.06,4.94
Binghamton,America East,"5-18",0.217,,363,5.52,361,16.34,350,82.68,340,11.12,2.81,365,20.73,360,21.37,2.28,5.72
Coppin St,"Mid-Eastern AC","3-19",0.136,,364,5.38,364,12.00,358,81.59,361,7.88,2.89,264,26.91,318,24.55,2.42,6.58
MS Valley St,Southwestern AC,"1-20",0.048,,365,4.89,365,7.93,365,77.01,358,8.38,2.95,293,26.09,309,25.04,1.20,8.80
